customer_id,balance,products_number,gender,cluster
15634602,0.0,1,0.0,3
15619304,159660.8,3,0.0,0
15574012,113755.78,2,1.0,1
15656148,115046.74,4,0.0,0
15737452,132602.88,1,1.0,1
15699309,0.0,1,0.0,3
15589475,0.0,3,0.0,0
15794171,134264.04,1,0.0,2
15738148,122522.32,1,0.0,2
15755196,131394.56,1,0.0,2
15602280,112045.67,1,0.0,2
15771573,137843.8,1,0.0,2
15702298,125561.97,1,1.0,1
15569590,98495.72,1,1.0,1
15623944,0.0,1,0.0,3
15703793,133745.44,4,1.0,0
15663706,0.0,1,0.0,3
15762418,121681.82,1,1.0,1
15622897,0.0,3,0.0,0
15757535,0.0,3,0.0,0
15804919,0.0,1,0.0,3
15613854,107073.27,2,0.0,2
15744689,92833.89,1,1.0,1
15609618,154475.54,2,1.0,1
15661670,107818.63,1,0.0,2
15627360,152603.45,1,1.0,1
15671137,0.0,1,0.0,3
15782688,148507.24,1,1.0,1
15594408,213146.2,1,0.0,2
15640905,129490.36,2,0.0,2
15713483,0.0,1,1.0,3
15612350,40915.55,1,0.0,3
15759618,0.0,1,0.0,3
15679145,0.0,1,1.0,3
15658929,133702.89,1,1.0,1
15724623,113034.22,1,0.0,2
15574692,0.0,2,0.0,3
15651022,129608.57,1,1.0,1
15625426,161608.81,1,0.0,2
15719377,0.0,1,0.0,3
15726931,56214.85,2,0.0,3
15600974,0.0,1,1.0,3
15727868,129022.06,2,0.0,2
15755262,89763.84,1,0.0,2
15684181,0.0,1,1.0,3
15723488,106854.21,1,1.0,1
15659366,105799.32,2,1.0,1
15774854,0.0,1,1.0,3
15733247,0.0,1,1.0,3
15568748,99564.22,1,1.0,1
15676895,74596.15,3,0.0,0
15637753,96888.39,1,1.0,1
15772896,100160.75,1,1.0,1
15764866,116220.5,3,0.0,0
15794056,0.0,3,0.0,0
15596175,117411.6,1,1.0,1
15797219,123497.58,1,0.0,2
15772423,126418.14,1,1.0,1
15717398,0.0,1,0.0,3
15619955,100337.96,3,1.0,0
15694456,0.0,1,1.0,3
15782210,0.0,1,1.0,3
15643024,138718.92,1,1.0,1
15590241,112822.26,1,0.0,2
15684173,0.0,3,0.0,0
15594898,0.0,1,1.0,3
15773972,137104.47,1,1.0,1
15662736,147069.78,1,1.0,1
15694408,139290.41,1,1.0,1
15736008,95441.27,1,0.0,2
15728669,112013.81,1,0.0,2
15697441,182123.79,1,1.0,1
15636624,165272.13,1,0.0,2
15807923,115301.31,1,0.0,2
15745844,129502.49,2,0.0,2
15661629,126436.29,1,1.0,1
15696674,150842.93,1,0.0,2
15583456,117231.63,3,1.0,0
15629677,0.0,3,0.0,0
15573456,127209.0,2,1.0,1
15684548,0.0,2,1.0,3
15646372,135842.41,1,0.0,2
15578045,141434.04,1,0.0,2
15801559,181461.48,3,0.0,0
15720559,110368.03,1,0.0,2
15810418,115924.89,1,0.0,2
15674551,111756.5,1,1.0,1
15806467,99282.63,1,1.0,1
15597602,137946.39,1,1.0,1
15595039,114754.08,1,0.0,2
15787470,116528.15,1,1.0,1
15694860,68065.8,1,0.0,3
15707362,95556.31,1,1.0,1
15773792,133950.37,1,0.0,2
15593782,130878.75,3,0.0,0
15683625,149762.08,1,1.0,1
15591986,141078.37,1,1.0,1
15676519,0.0,2,1.0,3
15613772,135096.77,1,1.0,1
15725679,0.0,1,0.0,3
15585865,170061.92,2,0.0,2
15677020,0.0,1,0.0,3
15714485,85891.55,1,1.0,1
15682048,136188.78,1,0.0,2
15752081,0.0,3,0.0,0
15775912,101238.24,2,1.0,1
15671256,211774.31,1,0.0,2
15653849,152827.99,1,0.0,2
15776780,0.0,1,1.0,3
15794142,114931.35,3,0.0,0
15762729,111071.36,1,0.0,2
15705953,169312.13,1,1.0,1
15802593,0.0,3,0.0,0
15657284,106901.94,1,1.0,1
15775318,154962.99,3,0.0,0
15634844,91536.93,1,1.0,1
15665956,0.0,1,0.0,3
15651674,0.0,1,0.0,3
15730076,0.0,1,1.0,3
15607312,0.0,2,0.0,3
15737741,108431.87,2,0.0,2
15803689,119741.77,2,0.0,2
15718057,100946.71,1,0.0,2
15722010,170491.84,1,1.0,1
15591047,157296.02,2,0.0,2
15788291,144606.22,1,0.0,2
15637476,162448.69,1,0.0,2
15683503,0.0,3,0.0,0
15592387,0.0,1,1.0,3
15745295,0.0,1,0.0,3
15766575,140745.33,1,0.0,2
15712403,0.0,1,0.0,3
15811762,115988.86,1,0.0,2
15738181,67996.23,2,1.0,1
15784844,116060.08,1,1.0,1
15640078,135134.99,1,0.0,2
15698786,133102.92,1,0.0,2
15569807,42157.08,1,0.0,3
15664610,133994.52,1,1.0,1
15715142,102703.62,1,1.0,1
15600337,178820.91,1,1.0,1
15579334,126674.81,1,0.0,2
15802741,136294.97,1,0.0,2
15727299,64119.38,1,1.0,1
15620204,106138.33,2,0.0,2
15580148,168286.81,3,1.0,0
15807609,86605.5,3,0.0,0
15721658,209767.31,2,0.0,2
15578761,129634.25,2,0.0,2
15612525,0.0,1,0.0,3
15744607,121152.05,2,1.0,1
15612966,128981.07,1,0.0,2
15641675,88915.37,3,0.0,0
15582741,124151.09,1,0.0,2
15637876,77253.5,1,0.0,2
15672056,140080.32,3,1.0,0
15677921,115920.62,2,1.0,1
15685329,114715.71,1,0.0,2
15584091,129748.54,2,0.0,2
15789158,113599.74,2,1.0,1
15712551,116922.25,1,0.0,2
15628936,118945.09,1,1.0,1
15571221,116313.57,1,1.0,1
15756026,0.0,1,0.0,3
15775306,122384.22,3,1.0,0
15806438,123331.36,1,0.0,2
15757811,137453.43,1,0.0,2
15585888,0.0,1,0.0,3
15707567,145338.76,1,1.0,1
15672012,0.0,1,0.0,3
15794048,97133.92,2,0.0,2
15693864,134956.02,1,0.0,2
15809087,0.0,2,1.0,3
15807663,190227.46,1,1.0,1
15809100,172448.77,1,0.0,2
15756804,170833.46,1,0.0,2
15646810,108122.39,2,1.0,1
15692750,129818.39,3,0.0,0
15585362,0.0,1,0.0,3
15571928,0.0,3,0.0,0
15743007,45144.43,1,0.0,3
15772781,0.0,3,0.0,0
15669987,125884.95,2,0.0,2
15654700,102967.41,1,0.0,2
15642041,93051.64,2,1.0,1
15794580,0.0,1,1.0,3
15675964,0.0,1,0.0,3
15724848,104947.72,1,0.0,2
15792328,0.0,1,1.0,3
15743411,0.0,1,1.0,3
15753337,0.0,3,1.0,0
15737795,0.0,1,1.0,3
15613630,109922.61,1,1.0,1
15804586,0.0,1,0.0,3
15745324,0.0,1,0.0,3
15741336,118590.41,1,0.0,2
15620981,73309.38,1,0.0,3
15660429,156371.61,2,0.0,2
15731815,96134.11,3,1.0,0
15580956,115888.04,1,0.0,2
15570060,132558.26,1,0.0,2
15807008,128100.28,1,0.0,2
15613749,151839.26,1,1.0,1
15681206,168197.66,1,0.0,2
15701301,175159.9,2,0.0,2
15701602,116497.31,3,1.0,0
15569050,0.0,1,1.0,3
15799811,0.0,1,1.0,3
15686936,89634.69,1,0.0,2
15602010,103909.86,1,0.0,2
15654673,173434.9,1,1.0,1
15593969,135483.17,1,0.0,2
15644200,0.0,1,0.0,3
15793949,0.0,1,0.0,3
15705860,107949.45,1,1.0,1
15706534,122949.14,1,0.0,2
15631189,67111.65,1,1.0,1
15692744,152169.12,2,1.0,1
15688963,0.0,1,0.0,3
15680303,0.0,1,1.0,3
15628674,113348.14,1,1.0,1
15648075,170935.94,1,0.0,2
15663438,89772.3,1,1.0,1
15646513,0.0,1,1.0,3
15708063,100749.5,3,1.0,0
15585198,94267.9,1,1.0,1
15689081,0.0,1,1.0,3
15813168,100717.85,3,0.0,0
15660316,135549.9,1,0.0,2
15592229,185891.54,1,0.0,2
15798424,130854.59,1,1.0,1
15648800,132312.06,1,0.0,2
15626147,144976.5,1,0.0,2
15592583,115414.19,3,0.0,0
15789955,112414.81,2,1.0,1
15596800,158456.76,1,1.0,1
15627305,0.0,1,1.0,3
15685309,0.0,1,0.0,3
15566251,96652.86,1,0.0,2
15694821,148962.76,1,1.0,1
15669899,135643.0,1,0.0,2
15690007,125801.03,2,0.0,2
15719348,0.0,1,1.0,3
15781802,104817.41,1,1.0,1
15640454,120711.73,1,1.0,1
15588670,203715.15,1,0.0,2
15782454,0.0,1,1.0,3
15755638,168069.73,1,0.0,2
15719302,126547.8,1,0.0,2
15791279,169742.64,1,1.0,1
15589572,129855.72,2,0.0,2
15779947,146098.43,3,0.0,0
15651052,127655.22,1,1.0,1
15658969,0.0,3,1.0,0
15813590,0.0,2,1.0,3
15674148,0.0,1,1.0,3
15625080,0.0,1,0.0,3
15730038,0.0,1,0.0,3
15812272,124601.58,2,1.0,1
15607537,107850.82,1,1.0,1
15658052,81553.93,1,0.0,3
15814930,125534.51,1,0.0,2
15610383,46870.43,4,0.0,0
15743532,147004.34,1,1.0,1
15662291,116973.26,3,0.0,0
15612064,0.0,2,1.0,3
15690182,113488.68,1,1.0,1
15779182,182364.53,1,1.0,1
15688880,102980.44,1,1.0,1
15683930,134096.53,2,0.0,2
15800434,76915.4,1,1.0,1
15709117,81576.75,1,0.0,2
15596181,65942.26,1,1.0,3
15644833,0.0,1,1.0,3
15720702,0.0,1,1.0,3
15665077,0.0,3,0.0,0
15629244,159453.64,2,1.0,1
15574331,118233.81,1,0.0,2
15645572,0.0,1,0.0,3
15576683,0.0,1,0.0,3
15645511,97403.18,1,1.0,1
15609824,176845.41,3,0.0,0
15691104,119507.58,2,0.0,2
15635435,120633.42,1,0.0,2
15596552,134542.73,1,1.0,1
15683403,0.0,1,1.0,3
15689514,201696.07,1,1.0,1
15627232,114203.47,1,1.0,1
15722902,125437.64,1,1.0,1
15771942,135555.66,1,0.0,2
15587233,73700.12,3,1.0,0
15714466,0.0,3,0.0,0
15690647,67563.31,1,0.0,2
15775295,118633.08,1,0.0,2
15684196,159441.27,1,0.0,2
15787835,125212.65,2,0.0,2
15748797,0.0,1,0.0,3
15754796,135070.58,2,0.0,2
15628947,0.0,2,0.0,3
15797276,90350.77,1,0.0,2
15612494,128747.69,1,0.0,2
15710164,0.0,2,0.0,3
15596671,91611.12,1,0.0,2
15799966,101609.77,1,0.0,2
15574068,104217.3,1,1.0,1
15796334,144757.02,1,1.0,1
15598751,0.0,3,0.0,0
15697311,110802.03,1,1.0,1
15585367,120392.99,1,0.0,2
15676242,136556.44,1,1.0,1
15774882,99587.43,1,0.0,2
15608653,70731.07,1,0.0,2
15571778,117561.49,1,0.0,2
15566211,103560.57,1,0.0,2
15814846,0.0,1,1.0,3
15670374,120656.86,4,0.0,0
15630725,92786.66,1,0.0,2
15700212,0.0,2,0.0,3
15716491,93656.95,1,0.0,2
15625824,121345.88,4,1.0,0
15634891,102365.49,1,0.0,2
15744517,0.0,1,1.0,3
15590146,81947.76,1,1.0,1
15762277,158623.14,1,1.0,1
15798975,132403.56,1,1.0,1
15738267,124043.8,1,0.0,2
15786800,131694.97,1,1.0,1
15782736,152522.47,1,0.0,2
15584364,59486.31,1,1.0,3
15709994,140596.95,1,0.0,2
15706815,90432.92,1,1.0,1
15600991,109052.59,2,1.0,1
15683124,115029.4,1,1.0,1
15670823,116646.76,1,0.0,2
15607133,110864.38,2,0.0,2
15725141,109528.28,1,0.0,2
15730394,0.0,2,0.0,3
15647842,120782.7,1,0.0,2
15751158,108825.34,3,0.0,0
15781553,91502.99,1,0.0,2
15649121,0.0,1,1.0,3
15777797,75075.14,1,1.0,1
15588248,0.0,2,0.0,3
15595303,130812.91,1,1.0,1
15634950,107174.58,1,1.0,1
15685372,152677.48,1,1.0,1
15651533,129293.74,1,0.0,2
15585067,108632.48,1,1.0,1
15633233,100374.58,1,1.0,1
15752342,133656.91,3,0.0,0
15663441,148571.07,1,0.0,2
15579706,0.0,1,0.0,3
15716994,114739.92,1,1.0,1
15675896,105722.69,1,0.0,2
15658057,0.0,3,0.0,0
15713826,117356.19,1,0.0,2
15700854,0.0,1,1.0,3
15605279,0.0,4,1.0,0
15684269,56674.48,1,0.0,3
15578603,77354.37,1,0.0,2
15765694,0.0,1,0.0,3
15568963,152797.9,1,1.0,1
15703820,133701.07,2,1.0,1
15778410,0.0,1,0.0,3
15704763,143903.11,1,0.0,2
15701121,110641.18,1,1.0,1
15796313,166909.2,2,0.0,2
15689980,118520.26,1,0.0,2
15642002,117707.18,2,0.0,2
15603846,0.0,2,1.0,3
15753549,157848.53,1,1.0,1
15764170,93960.35,1,1.0,1
15610446,88308.87,3,0.0,0
15605037,0.0,1,0.0,3
15711219,93716.72,1,0.0,2
15678727,110765.68,1,1.0,1
15740104,169649.73,2,0.0,2
15605275,116917.07,1,1.0,1
15804394,130627.66,1,1.0,1
15619343,152759.0,2,1.0,1
15758813,109733.2,2,1.0,1
15589076,0.0,1,1.0,3
15758845,64345.21,1,0.0,2
15711455,109044.6,1,0.0,2
15570601,122031.55,1,0.0,2
15690925,27755.97,1,0.0,3
15726494,175303.06,1,1.0,1
15664754,131607.28,4,1.0,0
15643630,63127.41,2,1.0,1
15629078,127258.79,1,0.0,2
15576644,78939.15,1,0.0,2
15812198,100900.5,1,1.0,1
15699772,129248.11,2,0.0,2
15739858,0.0,1,1.0,3
15638355,126397.66,1,0.0,2
15805637,108546.16,3,1.0,0
15629575,148061.89,1,1.0,1
15716609,134388.11,1,1.0,1
15652693,129109.02,1,0.0,2
15659651,117052.82,1,0.0,2
15607347,130056.23,1,1.0,1
15615456,123806.28,1,0.0,2
15589793,144453.75,1,1.0,1
15779176,108888.24,3,0.0,0
15605286,118803.35,2,1.0,1
15674922,171137.62,1,1.0,1
15692416,143542.36,3,0.0,0
15738318,97764.41,1,0.0,2
15772243,0.0,1,0.0,3
15585901,0.0,3,1.0,0
15627876,116393.59,1,0.0,2
15758606,0.0,1,1.0,3
15657107,106171.68,1,0.0,2
15787189,134250.17,3,1.0,0
15666055,0.0,1,0.0,3
15755678,0.0,2,1.0,3
15725835,124493.03,2,0.0,2
15727384,146547.78,1,0.0,2
15732917,117837.43,1,1.0,1
15633043,0.0,1,0.0,3
15606613,0.0,1,0.0,3
15658716,92171.35,3,0.0,0
15678146,173962.32,1,0.0,2
15710743,0.0,1,1.0,3
15723008,102882.4,2,0.0,2
15797160,0.0,1,0.0,3
15610686,169832.57,1,1.0,1
15577078,0.0,1,1.0,3
15571305,103060.63,1,0.0,2
15629338,36566.96,1,0.0,3
15750684,0.0,1,0.0,3
15805303,141136.62,1,1.0,1
15780254,0.0,1,1.0,3
15815626,68432.45,2,1.0,3
15813412,44020.89,1,0.0,3
15668669,97665.61,1,0.0,2
15687658,65971.61,2,0.0,3
15757408,250898.09,3,1.0,1
15769216,0.0,1,0.0,3
15659931,123378.2,1,0.0,2
15795990,138311.76,1,0.0,2
15718893,125456.07,1,0.0,2
15774857,0.0,2,0.0,3
15651554,118449.21,1,0.0,2
15603851,127785.17,4,1.0,0
15599722,86053.52,2,0.0,2
15704284,95295.39,1,1.0,1
15765518,105229.53,1,0.0,2
15758372,0.0,2,1.0,3
15648794,101247.06,1,1.0,1
15588614,0.0,1,1.0,3
15630698,110123.59,1,0.0,2
15694200,178111.82,1,1.0,1
15721426,126306.64,3,1.0,0
15805260,143249.67,1,0.0,2
15738605,123642.36,1,0.0,2
15762169,145018.64,2,1.0,1
15609998,137648.41,1,0.0,2
15583548,118560.0,1,0.0,2
15735246,0.0,2,0.0,3
15791700,118079.47,4,1.0,0
15809826,109705.52,1,0.0,2
15803749,87541.06,2,0.0,2
15736069,132253.22,1,0.0,2
15713655,0.0,2,0.0,3
15633930,157559.59,2,0.0,2
15712849,126550.7,1,1.0,1
15639077,158584.82,3,0.0,0
15648577,0.0,1,0.0,3
15633112,118199.97,2,1.0,1
15780038,119208.85,1,1.0,1
15578799,53772.73,1,0.0,3
15586264,140431.98,1,1.0,1
15629323,116471.43,2,0.0,2
15777553,123785.24,1,0.0,2
15622217,88758.95,2,0.0,2
15570835,112044.72,1,0.0,2
15808044,106804.26,3,0.0,0
15684951,68892.77,2,0.0,3
15783615,129370.91,4,1.0,0
15789097,0.0,2,1.0,3
15801265,57784.22,1,0.0,3
15664543,0.0,1,1.0,3
15582714,110022.74,1,1.0,1
15621210,123444.72,1,1.0,1
15724223,0.0,1,0.0,3
15624388,155393.32,1,0.0,2
15581440,110463.25,2,0.0,2
15654390,154575.76,1,1.0,1
15595728,119276.31,1,1.0,1
15642345,93059.34,1,0.0,2
15706163,113625.93,1,1.0,1
15746708,119961.48,1,1.0,1
15787907,137227.04,3,0.0,0
15646764,119024.75,2,0.0,2
15678284,74623.5,3,1.0,0
15726791,157929.45,1,0.0,2
15710366,0.0,1,0.0,3
15791053,122917.71,1,1.0,1
15682600,159492.79,1,1.0,1
15708212,118241.02,1,0.0,2
15578297,125537.38,1,0.0,2
15774151,179915.85,1,0.0,2
15778395,88815.56,2,1.0,1
15657342,147972.19,1,1.0,1
15672374,170008.84,1,1.0,1
15809286,138292.64,2,1.0,1
15579130,118994.84,1,0.0,2
15806027,0.0,1,0.0,3
15603914,0.0,1,1.0,3
15661821,132571.67,1,0.0,2
15689351,92805.72,1,0.0,2
15782247,0.0,3,1.0,0
15769064,135309.36,1,1.0,1
15613189,56580.93,1,0.0,3
15792525,97361.66,1,0.0,2
15586976,0.0,1,0.0,3
15567980,100727.5,1,0.0,2
15636089,145751.03,1,0.0,2
15727490,0.0,1,1.0,3
15756920,70655.48,1,1.0,1
15726403,129901.21,1,1.0,1
15704442,169406.33,4,0.0,0
15630617,140418.81,1,1.0,1
15679249,163146.46,1,0.0,2
15693199,0.0,2,0.0,3
15760294,145150.28,1,0.0,2
15778155,108914.17,1,0.0,2
15666548,111920.13,3,0.0,0
15634974,75150.34,4,0.0,0
15689341,0.0,4,0.0,0
15744327,0.0,1,1.0,3
15759436,95813.76,3,0.0,0
15751561,102453.26,1,1.0,1
15726490,0.0,1,1.0,3
15598086,68639.57,1,0.0,3
15578809,134760.21,2,1.0,1
15752026,0.0,1,1.0,3
15569571,87361.02,2,0.0,2
15769703,111257.59,1,0.0,2
15679770,131583.59,4,0.0,0
15791102,95020.8,3,1.0,0
15755178,0.0,3,1.0,0
15617197,0.0,2,1.0,3
15631240,0.0,2,0.0,3
15732270,0.0,1,1.0,3
15711834,0.0,1,0.0,3
15672144,144432.04,1,0.0,2
15775905,130024.87,1,0.0,2
15688691,110610.41,2,0.0,2
15592736,102994.04,1,1.0,1
15597896,127760.07,1,1.0,1
15731790,132591.36,1,0.0,2
15787318,103163.35,1,0.0,2
15744582,0.0,3,0.0,0
15640846,106458.31,4,0.0,0
15602735,152296.83,4,1.0,0
15800062,0.0,1,1.0,3
15775891,107247.69,1,1.0,1
15711789,0.0,1,0.0,3
15680278,75361.44,1,0.0,2
15581036,109308.79,2,0.0,2
15687162,119889.84,1,1.0,1
15759874,148595.55,1,1.0,1
15815490,164948.98,3,1.0,0
15679410,140549.4,1,0.0,2
15688409,191864.51,1,0.0,2
15742272,96418.09,1,0.0,2
15635660,142910.15,1,1.0,1
15582325,87894.26,1,1.0,1
15760446,0.0,1,0.0,3
15641994,103018.45,1,1.0,1
15636999,0.0,1,1.0,3
15639946,162532.14,3,0.0,0
15729954,0.0,3,0.0,0
15627352,110356.42,1,1.0,1
15809178,146100.75,1,0.0,2
15806688,123110.9,3,0.0,0
15576824,111760.4,3,0.0,0
15592816,108076.33,1,0.0,2
15662098,128808.65,3,1.0,0
15658889,136444.25,1,1.0,1
15753332,128140.17,1,1.0,1
15767474,0.0,3,0.0,0
15626787,185078.26,1,0.0,2
15566708,0.0,2,0.0,3
15730433,128218.47,1,0.0,2
15782468,109799.55,2,1.0,1
15776233,125397.21,1,0.0,2
15641416,94867.18,2,0.0,2
15771417,132412.38,1,1.0,1
15585100,124401.6,1,0.0,2
15700487,118022.06,3,1.0,0
15747503,184552.12,1,1.0,1
15597930,59669.43,1,1.0,3
15723299,113709.28,1,1.0,1
15618936,0.0,1,0.0,3
15787529,0.0,1,1.0,3
15600934,125095.94,1,0.0,2
15785782,0.0,1,1.0,3
15812513,103583.05,1,1.0,1
15678572,99842.5,2,1.0,1
15776454,0.0,1,0.0,3
15648489,199689.49,1,1.0,1
15813067,110219.14,1,0.0,2
15707968,73211.12,2,1.0,1
15671591,96196.24,4,1.0,0
15669411,107467.56,1,0.0,2
15789425,98218.04,2,0.0,2
15624510,139781.06,1,1.0,1
15668575,148610.41,3,0.0,0
15628972,123906.22,3,1.0,0
15617482,131441.51,1,0.0,2
15704583,0.0,1,1.0,3
15621083,136325.48,2,1.0,1
15649487,113150.44,2,0.0,2
15581198,122104.79,1,0.0,2
15724858,0.0,1,0.0,3
15690188,0.0,1,1.0,3
15591915,0.0,1,0.0,3
15776348,124365.42,1,1.0,1
15671655,143966.3,2,1.0,1
15789109,0.0,1,0.0,3
15605000,140278.99,3,1.0,0
15577178,68375.27,1,1.0,3
15595324,117833.3,3,0.0,0
15595228,0.0,1,1.0,3
15651983,128882.49,1,0.0,2
15655123,131355.3,3,0.0,0
15682268,108348.66,1,0.0,2
15684801,93871.95,3,1.0,0
15636428,0.0,1,0.0,3
15720943,114959.12,1,0.0,2
15697997,164704.38,1,1.0,1
15619653,0.0,1,1.0,3
15800061,89158.94,3,0.0,0
15687491,101207.75,1,1.0,1
15779862,133003.03,1,0.0,2
15699247,0.0,2,0.0,3
15570932,137780.74,2,1.0,1
15609653,118715.86,1,0.0,2
15759066,136836.49,1,0.0,2
15814816,91592.06,1,1.0,1
15571059,0.0,1,0.0,3
15779581,55853.33,2,0.0,3
15745083,91415.76,1,1.0,1
15794566,0.0,2,0.0,3
15697424,119370.11,1,0.0,2
15735878,134381.52,1,0.0,2
15707596,114888.74,2,0.0,2
15622478,105061.74,3,0.0,0
15636023,0.0,1,0.0,3
15663161,143139.87,1,0.0,2
15795224,178585.46,1,1.0,1
15721007,115130.34,1,1.0,1
15813113,0.0,1,0.0,3
15772073,0.0,1,1.0,3
15701537,0.0,1,1.0,3
15769596,110407.44,2,0.0,2
15775590,69329.47,1,0.0,2
15730688,116755.5,2,0.0,2
15810075,130694.89,2,0.0,2
15724161,137285.26,4,0.0,0
15569641,130701.29,1,0.0,2
15801336,114737.26,1,0.0,2
15746203,119817.33,1,1.0,1
15583137,130806.99,2,0.0,2
15680752,0.0,1,0.0,3
15791373,80931.75,1,0.0,2
15589449,0.0,3,0.0,0
15764604,164769.02,3,0.0,0
15750447,117738.81,1,0.0,2
15631070,154393.43,1,1.0,1
15761950,110827.49,1,0.0,2
15725794,0.0,1,0.0,3
15678201,0.0,1,0.0,3
15603942,81290.02,3,1.0,0
15733973,0.0,1,0.0,3
15596761,113715.36,1,1.0,1
15747097,0.0,1,1.0,3
15713463,138881.04,1,0.0,2
15589715,0.0,1,0.0,3
15664907,0.0,1,1.0,3
15588080,0.0,1,1.0,3
15717560,125647.36,1,1.0,1
15768151,109032.23,1,0.0,2
15579212,0.0,1,1.0,3
15587419,0.0,2,1.0,3
15750335,108508.82,3,1.0,0
15778368,121175.56,1,1.0,1
15768072,0.0,1,0.0,3
15654456,149726.08,1,1.0,1
15807525,0.0,2,1.0,3
15611430,0.0,1,1.0,3
15793890,0.0,1,0.0,3
15646091,95140.44,2,0.0,2
15596984,0.0,1,0.0,3
15715622,238387.56,1,0.0,2
15627220,98807.45,1,0.0,2
15706071,127631.62,1,1.0,1
15801904,143988.0,2,1.0,1
15784320,133793.89,1,0.0,2
15628767,139529.93,2,0.0,2
15758116,64646.7,1,1.0,3
15575119,0.0,2,1.0,3
15799626,126345.55,1,1.0,1
15651352,0.0,1,0.0,3
15647385,99340.83,1,1.0,1
15631305,126833.79,2,0.0,2
15603465,155447.65,2,0.0,2
15750638,116765.7,1,0.0,2
15764431,130929.02,4,0.0,0
15648881,101016.53,1,1.0,1
15749905,0.0,1,0.0,3
15625175,97067.69,1,0.0,2
15643967,92208.54,1,0.0,2
15733234,0.0,1,0.0,3
15721582,77270.08,2,0.0,2
15628219,111911.63,1,0.0,2
15765982,74135.85,1,1.0,1
15724863,91893.32,1,0.0,2
15633352,175443.75,1,0.0,2
15593736,131769.04,1,0.0,2
15710689,63609.92,1,1.0,1
15674678,79120.27,1,0.0,2
15745605,88011.4,1,0.0,2
15606755,0.0,2,0.0,3
15612092,105397.8,1,1.0,1
15722965,89079.41,1,1.0,1
15789974,94598.48,1,1.0,1
15713370,188241.05,2,1.0,1
15791216,133379.41,1,1.0,1
15627840,0.0,1,0.0,3
15806956,112666.67,1,1.0,1
15807993,110148.49,1,0.0,2
15728456,0.0,1,1.0,3
15809137,0.0,1,1.0,3
15588944,165350.61,2,0.0,2
15660505,106344.95,1,1.0,1
15594878,28082.95,1,0.0,3
15569248,0.0,2,0.0,3
15623712,0.0,3,0.0,0
15653251,87873.39,1,0.0,3
15755077,105617.73,2,0.0,2
15808557,0.0,1,0.0,3
15761023,120847.11,1,0.0,2
15801218,135133.39,1,1.0,1
15641359,0.0,2,0.0,3
15647725,62055.17,3,0.0,0
15626612,104784.23,1,1.0,1
15629094,156948.41,1,0.0,2
15651823,147751.75,1,0.0,2
15727353,142028.36,1,0.0,2
15733777,0.0,1,1.0,3
15723263,117160.32,1,0.0,2
15803121,97565.74,1,1.0,1
15761670,0.0,1,0.0,3
15706005,174701.05,1,1.0,1
15711618,124640.51,1,0.0,2
15773221,79757.21,1,1.0,1
15628886,123959.97,1,1.0,1
15573599,0.0,2,0.0,3
15747208,0.0,1,1.0,3
15772528,121376.15,2,0.0,2
15711716,131368.3,1,0.0,2
15639357,134950.19,3,1.0,0
15738907,96956.1,1,0.0,2
15663446,107601.79,1,0.0,2
15750867,92060.06,1,0.0,2
15634968,110689.07,1,0.0,2
15809320,0.0,1,0.0,3
15793049,115115.38,1,0.0,2
15607263,0.0,1,1.0,3
15610900,110738.89,1,0.0,2
15691703,105792.49,1,1.0,1
15759284,0.0,1,0.0,3
15661903,80764.03,1,0.0,2
15664668,144801.97,1,0.0,2
15602731,0.0,1,1.0,3
15586133,122314.5,1,0.0,2
15666270,147803.48,1,0.0,2
15727197,170228.59,2,0.0,2
15722246,0.0,1,0.0,3
15609704,0.0,1,0.0,3
15768451,149131.03,3,1.0,0
15812616,0.0,1,0.0,3
15729489,98592.88,1,0.0,2
15640409,89087.89,1,0.0,2
15577999,124678.35,1,0.0,2
15703541,143930.92,1,0.0,2
15608344,137059.05,3,0.0,0
15768367,186558.55,1,0.0,2
15568573,105701.91,1,0.0,2
15689598,0.0,1,1.0,3
15635396,139106.19,1,0.0,2
15678944,130935.56,1,0.0,2
15718507,116509.99,1,1.0,1
15804709,111578.18,1,1.0,1
15582910,112230.38,1,1.0,1
15773868,125734.2,2,0.0,2
15691785,0.0,1,1.0,3
15685290,142360.62,2,1.0,1
15680449,138843.7,1,0.0,2
15599860,109958.15,1,0.0,2
15728224,149155.53,2,0.0,2
15644174,135096.05,1,1.0,1
15756751,78126.28,1,0.0,2
15584037,106913.43,1,1.0,1
15669887,0.0,1,0.0,3
15651264,124425.99,1,1.0,1
15724251,101012.77,1,0.0,2
15718289,82291.1,1,1.0,1
15654733,117056.46,1,1.0,1
15602797,110132.55,3,0.0,0
15778154,122227.71,1,1.0,1
15806230,121647.54,2,1.0,1
15662884,110597.76,1,1.0,1
15750778,120731.39,4,0.0,0
15677804,0.0,3,1.0,0
15615126,0.0,2,0.0,3
15753847,0.0,1,1.0,3
15757541,151772.63,2,0.0,2
15618255,103244.86,2,0.0,2
15750156,104568.41,1,1.0,1
15720305,86376.29,1,0.0,2
15698716,87926.24,2,0.0,2
15732266,127997.83,1,1.0,1
15640258,94238.75,2,0.0,2
15743871,0.0,2,1.0,3
15626008,111973.97,1,0.0,2
15648362,108924.33,2,1.0,1
15723717,118334.44,1,1.0,1
15659736,121411.9,1,1.0,1
15603170,121455.65,1,1.0,1
15619972,167664.83,1,0.0,2
15756610,123770.46,1,0.0,2
15663164,116150.65,3,1.0,0
15714981,0.0,1,1.0,3
15743673,113873.22,1,1.0,1
15720071,0.0,1,0.0,3
15783030,0.0,1,0.0,3
15627665,0.0,1,1.0,3
15814092,0.0,1,0.0,3
15650442,141528.88,1,0.0,2
15601659,91680.1,2,0.0,2
15737071,162039.78,1,0.0,2
15792064,114421.55,1,1.0,1
15677052,0.0,2,0.0,3
15653776,162082.31,4,0.0,0
15597914,117306.69,4,0.0,0
15678034,180226.24,1,1.0,1
15697100,108736.52,1,0.0,2
15606641,100260.88,3,1.0,0
15569079,126066.26,1,1.0,1
15640034,139561.46,1,1.0,1
15807563,0.0,1,0.0,3
15684461,0.0,1,0.0,3
15734762,115895.22,3,0.0,0
15800083,24043.45,1,1.0,3
15689886,132287.92,3,1.0,0
15676404,0.0,1,0.0,3
15812262,100431.84,1,0.0,2
15669301,150358.97,1,0.0,2
15798470,75990.97,1,0.0,2
15676571,0.0,1,1.0,3
15643865,92055.36,1,0.0,2
15647008,116726.22,1,1.0,1
15608406,111128.04,1,1.0,1
15625545,0.0,1,1.0,3
15810829,0.0,1,1.0,3
15757952,0.0,3,1.0,0
15609623,0.0,1,0.0,3
15569098,153548.12,1,1.0,1
15664001,95231.91,1,0.0,2
15654562,174088.3,4,0.0,0
15693376,0.0,2,1.0,3
15577587,121016.23,1,1.0,1
15635141,118210.42,2,1.0,1
15747168,103108.8,1,0.0,2
15796910,0.0,1,0.0,3
15707674,131852.81,1,0.0,2
15565706,0.0,1,1.0,3
15720929,62094.71,3,0.0,0
15729201,0.0,1,1.0,3
15615207,0.0,1,1.0,3
15574213,158271.74,1,0.0,2
15583840,121863.61,1,1.0,1
15782418,83495.11,1,0.0,2
15711314,0.0,1,0.0,3
15627847,0.0,1,1.0,3
15588090,107494.86,2,0.0,2
15735270,0.0,1,1.0,3
15746553,124233.24,1,1.0,1
15622518,51116.26,1,0.0,3
15664555,0.0,4,1.0,0
15761294,137464.04,1,0.0,2
15673984,0.0,1,0.0,3
15709941,0.0,3,1.0,0
15690021,132002.7,1,0.0,2
15740527,142724.48,1,0.0,2
15657529,99141.86,1,1.0,1
15800287,127660.46,2,0.0,2
15616454,111905.43,1,0.0,2
15778149,0.0,2,1.0,3
15791867,108895.93,1,1.0,1
15675380,154669.77,1,1.0,1
15775294,0.0,2,0.0,3
15654000,0.0,1,0.0,3
15719991,154733.97,1,0.0,2
15720687,112609.91,1,0.0,2
15720774,89118.26,1,1.0,1
15579566,120867.18,1,0.0,2
15771543,134237.07,1,1.0,1
15810460,0.0,3,0.0,0
15771742,115442.19,2,1.0,1
15772412,135370.12,1,1.0,1
15654577,92877.33,1,1.0,1
15584536,97042.6,1,1.0,1
15585853,0.0,1,1.0,3
15645271,108528.07,2,1.0,1
15623107,74274.87,3,1.0,0
15592000,82794.18,1,0.0,2
15675854,159304.07,1,1.0,1
15714391,183572.84,1,0.0,2
15596455,0.0,1,0.0,3
15696301,101455.7,1,0.0,2
15812241,127197.14,1,1.0,1
15674328,47364.45,1,0.0,3
15572547,104930.38,1,0.0,2
15567063,106434.94,1,0.0,2
15720637,120530.34,1,0.0,2
15616859,113641.49,4,0.0,0
15781598,149049.92,1,1.0,1
15740345,41473.33,1,1.0,3
15686463,141074.59,1,1.0,1
15648967,169362.43,1,0.0,2
15779522,0.0,2,0.0,3
15716381,109062.28,1,0.0,2
15704788,66079.45,2,0.0,2
15641312,0.0,1,1.0,3
15676937,0.0,2,0.0,3
15778975,96947.58,3,0.0,0
15692443,69478.57,1,1.0,1
15593795,156674.2,1,0.0,2
15642824,174506.1,2,0.0,2
15774192,105435.74,1,0.0,2
15758901,0.0,1,0.0,3
15632118,164450.94,1,1.0,1
15568006,0.0,4,0.0,0
15751748,148222.65,1,1.0,1
15812210,111537.23,4,0.0,0
15605826,121063.8,3,1.0,0
15570087,142989.69,1,0.0,2
15607275,206014.94,2,1.0,1
15635034,101191.83,1,1.0,1
15692929,113657.41,2,0.0,2
15672152,122506.38,1,1.0,1
15673372,0.0,1,0.0,3
15587611,0.0,2,1.0,3
15715673,89743.05,1,0.0,2
15733261,0.0,1,0.0,3
15668248,133201.17,1,0.0,2
15694376,153469.26,3,0.0,0
15711028,0.0,3,1.0,0
15658475,142882.49,1,1.0,1
15782360,131935.51,1,1.0,1
15677105,105214.58,1,0.0,2
15784958,0.0,4,0.0,0
15734524,0.0,1,1.0,3
15614103,119839.69,1,1.0,1
15649292,29602.08,1,0.0,3
15622532,126589.12,2,0.0,2
15710543,130666.2,1,1.0,1
15687153,98649.55,1,1.0,1
15583353,0.0,1,0.0,3
15696373,0.0,2,0.0,3
15672594,131778.08,1,0.0,2
15751392,0.0,2,0.0,3
15579617,0.0,2,0.0,3
15593976,102088.68,4,0.0,0
15596870,144768.94,1,1.0,1
15751491,117206.3,1,1.0,1
15808674,128352.59,3,0.0,0
15791780,104478.12,3,0.0,0
15607314,143923.96,1,1.0,1
15737832,139825.56,1,1.0,1
15680706,131834.8,1,1.0,1
15748597,99529.7,1,1.0,1
15618774,0.0,1,1.0,3
15583580,123042.0,1,0.0,2
15788556,148283.94,1,0.0,2
15576550,0.0,1,0.0,3
15653937,123916.67,1,0.0,2
15591740,0.0,2,0.0,3
15644361,103549.24,1,0.0,2
15605020,165901.59,2,1.0,1
15582849,0.0,1,0.0,3
15655410,133384.66,1,1.0,1
15759067,158411.95,4,0.0,0
15763256,128751.65,2,0.0,2
15595592,0.0,1,0.0,3
15778005,130147.98,1,0.0,2
15698528,0.0,1,0.0,3
15711843,147856.82,3,1.0,0
15804131,65407.16,2,0.0,2
15811588,187602.18,1,0.0,2
15743828,0.0,1,1.0,3
15656683,0.0,1,1.0,3
15805704,0.0,4,0.0,0
15665053,111284.53,1,1.0,1
15702912,0.0,1,0.0,3
15649150,127642.44,1,0.0,2
15668270,125584.17,2,0.0,2
15624820,50911.21,3,1.0,0
15593094,0.0,1,1.0,3
15790204,0.0,1,0.0,3
15783225,0.0,1,1.0,3
15781272,149713.61,3,1.0,0
15573888,107963.38,1,0.0,2
15777045,81811.71,1,0.0,2
15569274,116933.11,1,1.0,1
15693205,109153.96,3,0.0,0
15739592,98438.23,1,0.0,2
15696852,192122.84,1,0.0,2
15575935,178058.06,2,1.0,1
15806256,109349.29,1,1.0,1
15691004,0.0,1,1.0,3
15792228,152335.7,1,1.0,1
15733447,124662.54,1,0.0,2
15796074,99472.76,2,0.0,2
15748414,114634.63,2,0.0,2
15751203,56738.47,2,1.0,3
15803456,0.0,1,0.0,3
15792986,133811.78,1,1.0,1
15606273,144235.73,2,1.0,1
15715047,172478.15,1,1.0,1
15644692,0.0,1,0.0,3
15574761,33563.95,2,0.0,3
15743817,174126.75,3,1.0,0
15744942,155828.22,1,0.0,2
15740406,113525.84,1,1.0,1
15768137,136100.69,2,0.0,2
15775067,93578.68,2,1.0,1
15783019,123681.32,3,0.0,0
15585580,167194.36,1,0.0,2
15613886,0.0,1,1.0,3
15737556,81076.8,2,1.0,1
15625092,101465.31,1,0.0,2
15784761,87603.35,3,0.0,0
15719508,121205.15,4,1.0,0
15609011,75408.33,1,1.0,1
15626795,0.0,1,0.0,3
15754577,61354.14,1,0.0,3
15584113,124954.94,1,0.0,2
15669589,95039.12,1,0.0,2
15720583,119638.21,1,0.0,2
15780432,122689.51,2,1.0,1
15761168,171913.87,1,0.0,2
15680517,137239.17,1,0.0,2
15690743,65190.29,1,0.0,3
15606386,111512.75,3,0.0,0
15602282,134980.74,1,0.0,2
15793307,142880.28,3,0.0,0
15687372,121537.71,2,1.0,1
15624641,0.0,1,1.0,3
15734610,89838.71,3,1.0,0
15596303,0.0,2,0.0,3
15787255,140891.46,3,0.0,0
15731555,106000.12,1,0.0,2
15808526,127539.3,1,0.0,2
15718465,96891.46,1,1.0,1
15721460,185648.56,1,1.0,1
15727317,102286.6,3,0.0,0
15656086,105770.14,1,1.0,1
15644796,0.0,2,0.0,3
15641604,98488.08,1,0.0,2
15601594,144237.91,4,0.0,0
15703728,0.0,1,1.0,3
15670584,0.0,1,1.0,3
15587174,0.0,2,1.0,3
15588449,107812.67,1,0.0,2
15613102,57530.06,1,0.0,3
15801169,138341.51,1,0.0,2
15682421,0.0,2,0.0,3
15713354,101528.61,1,0.0,2
15621611,155196.17,1,1.0,1
15709474,113386.36,2,0.0,2
15701280,0.0,1,1.0,3
15753174,139592.98,3,1.0,0
15749519,128289.7,3,1.0,0
15684960,0.0,1,0.0,3
15591286,88826.07,1,0.0,2
15668323,143443.61,1,0.0,2
15608528,0.0,4,0.0,0
15662751,81954.6,1,0.0,2
15684319,95196.26,1,0.0,2
15804038,0.0,1,1.0,3
15745533,110314.21,2,0.0,2
15761497,163760.82,1,0.0,2
15691817,0.0,3,0.0,0
15732281,146422.22,1,1.0,1
15567630,100275.88,1,1.0,1
15587507,0.0,1,1.0,3
15799300,113688.63,1,1.0,1
15694129,100032.52,1,0.0,2
15732643,131955.07,1,0.0,2
15743490,94348.94,1,0.0,2
15702462,52831.13,1,0.0,3
15683416,97750.07,3,1.0,0
15749638,104760.82,1,0.0,2
15728706,0.0,1,0.0,3
15624744,115766.26,1,1.0,1
15788068,144677.19,3,1.0,0
15599126,123815.86,1,0.0,2
15650575,0.0,2,0.0,3
15700627,143500.82,1,0.0,2
15700460,120905.03,1,0.0,2
15724076,0.0,3,0.0,0
15784000,102277.52,1,0.0,2
15733966,125292.53,1,0.0,2
15662426,0.0,1,1.0,3
15720511,151191.31,1,1.0,1
15647965,114023.64,2,0.0,2
15782181,80285.16,1,1.0,1
15655436,136911.07,1,1.0,1
15801832,117691.0,1,1.0,1
15663410,135506.58,3,1.0,0
15745326,75051.49,1,0.0,3
15674541,123925.23,1,1.0,1
15728564,0.0,2,1.0,3
15580701,153819.58,1,1.0,1
15681410,98088.09,1,0.0,2
15668283,118317.27,4,1.0,0
15669664,99774.5,1,1.0,1
15573851,0.0,3,0.0,0
15710012,0.0,2,1.0,3
15648933,111100.98,1,1.0,1
15707322,115290.27,1,0.0,2
15594456,99097.33,1,0.0,2
15566253,143391.07,1,1.0,1
15807269,166522.78,1,1.0,1
15660417,120481.69,1,0.0,2
15718912,126147.84,1,0.0,2
15798256,153697.53,2,0.0,2
15726855,116585.97,1,0.0,2
15623202,102556.18,2,0.0,2
15723864,109876.82,2,1.0,1
15606397,152086.15,1,0.0,2
15595842,119852.01,1,1.0,1
15639278,145387.32,2,0.0,2
15642821,95808.19,1,0.0,2
15575759,54428.37,1,0.0,3
15636330,143279.58,2,0.0,2
15773283,38340.02,1,1.0,3
15785559,133237.21,1,1.0,1
15694444,157138.99,3,0.0,0
15605742,80090.93,1,1.0,1
15664897,181166.44,1,0.0,2
15713845,148045.68,1,1.0,1
15645355,126729.41,1,1.0,1
15729557,119984.07,1,1.0,1
15583073,0.0,1,0.0,3
15645847,109196.66,3,1.0,0
15708867,134168.5,3,0.0,0
15635964,120100.41,1,1.0,1
15588372,105489.31,1,0.0,2
15597968,0.0,1,1.0,3
15796957,0.0,3,1.0,0
15635870,117721.02,1,0.0,2
15741988,125396.24,1,0.0,2
15797329,137638.69,1,1.0,1
15591091,73348.56,1,1.0,1
15800514,95675.62,2,0.0,2
15782096,0.0,1,0.0,3
15785373,190305.78,1,0.0,2
15756272,118536.4,1,0.0,2
15573171,146202.93,1,1.0,1
15814430,0.0,1,1.0,3
15638607,0.0,1,0.0,3
15661723,137260.78,1,1.0,1
15649616,124447.73,1,1.0,1
15720919,0.0,1,1.0,3
15803947,161378.02,1,0.0,2
15651664,104267.7,1,0.0,2
15811565,63488.7,1,0.0,2
15713774,12459.19,1,0.0,3
15812888,0.0,4,1.0,0
15724154,128504.76,1,0.0,2
15661626,98792.4,1,0.0,2
15572038,113948.58,1,1.0,1
15643671,97036.22,2,1.0,1
15704168,127475.24,1,1.0,1
15800746,144889.18,1,1.0,1
15742798,150126.44,1,0.0,2
15632665,0.0,1,1.0,3
15583392,135776.36,3,1.0,0
15610972,91115.76,2,0.0,2
15793478,151391.68,1,0.0,2
15723950,70291.02,1,1.0,1
15694566,0.0,2,0.0,3
15726103,76296.81,1,0.0,2
15730044,64497.94,3,0.0,0
15649853,0.0,1,0.0,3
15659800,0.0,1,0.0,3
15663933,86147.46,2,0.0,2
15694556,116563.58,1,1.0,1
15643188,114603.76,2,0.0,2
15573628,148074.79,1,0.0,2
15698953,0.0,3,1.0,0
15753888,108004.64,1,0.0,2
15771270,127471.56,1,0.0,2
15624519,97092.87,1,0.0,2
15799910,0.0,2,1.0,3
15570379,88827.53,1,1.0,1
15737267,0.0,1,0.0,3
15569666,0.0,1,0.0,3
15765300,62389.03,3,1.0,0
15608541,91857.66,1,1.0,1
15813659,0.0,1,0.0,3
15757867,176173.52,1,0.0,2
15600392,123845.36,2,0.0,2
15709920,208165.53,1,0.0,2
15643158,0.0,1,0.0,3
15772650,136576.02,1,1.0,1
15691287,141816.25,1,0.0,2
15804797,138547.97,1,0.0,2
15677317,153040.03,1,0.0,2
15664270,142084.04,4,1.0,0
15641934,66582.81,1,0.0,2
15725665,198546.1,2,1.0,1
15786196,105770.7,3,0.0,0
15612095,0.0,1,0.0,3
15757559,0.0,2,0.0,3
15591036,127940.47,1,0.0,2
15566988,141535.52,1,0.0,2
15594340,120243.49,1,1.0,1
15773723,67178.19,1,0.0,2
15791958,0.0,2,0.0,3
15695339,109172.88,1,1.0,1
15714575,107926.02,1,0.0,2
15806808,112281.6,3,0.0,0
15657535,0.0,1,1.0,3
15649024,132865.56,1,0.0,2
15728917,120682.53,1,1.0,1
15571193,144386.32,1,1.0,1
15623499,108437.89,1,1.0,1
15807163,0.0,1,0.0,3
15679738,0.0,1,0.0,3
15601811,110240.04,1,0.0,2
15658577,99546.25,3,0.0,0
15606887,0.0,1,0.0,3
15783007,123086.39,1,0.0,2
15747323,109472.47,1,1.0,1
15805690,0.0,1,0.0,3
15612139,83036.05,1,0.0,2
15673439,142644.64,2,0.0,2
15669011,23503.31,1,0.0,3
15773013,0.0,1,0.0,3
15684868,110993.79,1,1.0,1
15669253,157691.98,2,1.0,1
15758023,105245.21,1,1.0,1
15674720,123067.63,1,0.0,2
15725945,0.0,1,0.0,3
15813159,93590.47,1,1.0,1
15603880,114141.64,1,1.0,1
15596992,156353.46,1,1.0,1
15730759,135637.0,1,0.0,2
15615050,107915.94,2,1.0,1
15743498,137755.76,1,1.0,1
15588695,0.0,1,1.0,3
15750731,116309.01,1,1.0,1
15710105,105099.45,1,0.0,2
15662488,0.0,2,0.0,3
15577313,116967.68,1,1.0,1
15749401,0.0,3,1.0,0
15720371,0.0,1,0.0,3
15717984,144900.58,1,1.0,1
15625761,127205.32,4,1.0,0
15627995,155143.52,1,0.0,2
15801942,0.0,3,0.0,0
15656822,87612.64,4,1.0,0
15813974,116880.53,1,1.0,1
15664339,178144.91,2,1.0,1
15703037,0.0,1,1.0,3
15609558,108289.28,2,0.0,2
15645200,152508.99,1,0.0,2
15616221,85646.81,1,0.0,2
15714062,77641.99,1,0.0,3
15603554,164649.52,3,0.0,0
15792305,123571.77,3,1.0,0
15729238,106396.48,1,1.0,1
15718242,104887.43,1,0.0,2
15771442,150578.0,1,1.0,1
15675337,106011.59,1,0.0,2
15589017,111362.76,3,1.0,0
15611186,39344.83,1,1.0,3
15650026,63562.02,2,1.0,3
15689328,114169.16,1,1.0,1
15620756,202904.64,1,1.0,1
15611331,0.0,1,0.0,3
15576935,161807.18,2,1.0,1
15661275,110791.97,1,1.0,1
15768471,108755.0,1,0.0,2
15608338,117294.12,4,0.0,0
15623219,0.0,1,1.0,3
15773276,114552.6,1,1.0,1
15621550,140292.58,3,0.0,0
15755241,0.0,1,0.0,3
15591169,137455.99,1,0.0,2
15766427,97720.35,2,1.0,1
15790810,76319.64,1,0.0,3
15687421,125919.35,1,1.0,1
15686835,148384.64,1,0.0,2
15746012,0.0,2,0.0,3
15615797,108585.35,1,1.0,1
15793455,0.0,1,0.0,3
15814468,121399.98,1,1.0,1
15566312,0.0,3,0.0,0
15739972,152367.21,3,0.0,0
15576196,118207.69,2,0.0,2
15693764,136298.65,1,1.0,1
15708534,0.0,1,0.0,3
15640686,95872.86,1,1.0,1
15588904,0.0,1,1.0,3
15768763,0.0,1,1.0,3
15642162,123407.69,1,1.0,1
15584090,0.0,2,0.0,3
15582033,138076.47,1,1.0,1
15738501,163630.76,1,1.0,1
15736126,98710.89,1,1.0,1
15745399,0.0,1,0.0,3
15657829,168078.83,1,1.0,1
15598982,98268.84,1,0.0,2
15782608,0.0,2,1.0,3
15577423,124586.93,1,0.0,2
15583371,138207.08,1,1.0,1
15772559,148636.21,1,0.0,2
15625706,116546.59,2,1.0,1
15591512,115761.51,1,0.0,2
15763683,139626.01,1,1.0,1
15641782,0.0,1,0.0,3
15588419,148962.46,1,0.0,2
15566030,80542.81,1,1.0,1
15704160,0.0,1,1.0,3
15640852,83348.89,3,0.0,0
15789313,96553.52,2,0.0,2
15793688,201009.64,1,1.0,1
15761053,131326.47,1,1.0,1
15702095,128472.8,1,0.0,2
15700801,84445.68,3,1.0,0
15643916,62400.48,1,1.0,1
15720636,143054.56,1,0.0,2
15795275,82940.25,2,0.0,2
15571869,112650.89,1,0.0,2
15743293,163700.78,3,0.0,0
15604093,165363.31,2,1.0,1
15749328,0.0,2,0.0,3
15617331,109698.41,1,0.0,2
15607526,102645.48,1,1.0,1
15612207,87779.83,1,0.0,2
15650538,168286.58,1,0.0,2
15797475,86102.27,1,1.0,1
15737104,126597.89,2,0.0,2
15593425,187997.15,1,0.0,2
15604706,133105.47,1,1.0,1
15747534,0.0,1,1.0,3
15651883,115796.7,1,0.0,2
15598744,140273.47,1,0.0,2
15808544,0.0,1,0.0,3
15654531,82559.42,2,1.0,1
15739578,128663.9,1,1.0,1
15697360,79951.9,1,0.0,3
15655213,132508.3,1,0.0,2
15710365,104129.24,2,1.0,1
15746199,0.0,1,0.0,3
15729110,0.0,2,0.0,3
15777873,0.0,1,0.0,3
15797900,142147.32,1,1.0,1
15746333,0.0,3,0.0,0
15792668,109908.06,2,1.0,1
15583863,142946.18,1,1.0,1
15681878,104339.11,2,1.0,1
15735909,105103.33,1,0.0,2
15587647,127120.62,1,0.0,2
15666711,0.0,3,0.0,0
15586674,216109.88,1,0.0,2
15756625,0.0,2,0.0,3
15633213,0.0,1,1.0,3
15610416,0.0,1,0.0,3
15619608,92895.56,1,0.0,2
15723318,0.0,3,0.0,0
15717328,132446.08,2,0.0,2
15771299,92053.0,1,0.0,2
15616213,138214.5,1,0.0,2
15690546,0.0,4,0.0,0
15735636,121389.78,1,0.0,2
15659567,117103.26,2,0.0,2
15593510,129335.65,1,0.0,2
15569432,0.0,2,0.0,3
15751455,0.0,1,0.0,3
15587066,119272.29,1,1.0,1
15657809,106415.57,3,1.0,0
15611669,126608.37,1,1.0,1
15692575,162888.73,1,1.0,1
15776947,0.0,1,1.0,3
15594515,0.0,2,0.0,3
15605059,148843.56,1,1.0,1
15662243,162702.35,1,1.0,1
15593128,129255.2,2,0.0,2
15704209,120145.96,2,0.0,2
15708265,159203.71,1,0.0,2
15760216,0.0,1,0.0,3
15696989,139493.25,3,0.0,0
15738715,0.0,3,0.0,0
15737814,127087.06,1,1.0,1
15629299,106074.89,1,0.0,2
15785654,114422.85,2,1.0,1
15797381,133903.12,2,0.0,2
15654457,0.0,3,0.0,0
15658067,120568.41,1,0.0,2
15665283,72092.95,4,0.0,0
15636592,181821.96,2,1.0,1
15673877,0.0,3,1.0,0
15760865,141819.02,1,0.0,2
15705009,156974.26,1,0.0,2
15694765,113882.33,1,1.0,1
15650488,127253.98,1,0.0,2
15700263,0.0,1,1.0,3
15710087,125889.3,3,0.0,0
15679884,78314.63,3,1.0,0
15784180,206329.65,1,0.0,2
15804853,57098.96,1,0.0,3
15651627,115341.19,1,1.0,1
15803750,161801.47,1,0.0,2
15738889,102870.93,1,1.0,1
15569249,44582.07,3,0.0,0
15706232,0.0,1,1.0,3
15770039,112290.22,1,1.0,1
15622631,154409.74,1,1.0,1
15752801,125961.74,2,1.0,1
15808175,49572.73,1,0.0,3
15640074,0.0,1,0.0,3
15776156,121325.84,1,1.0,1
15715750,113063.83,1,0.0,2
15638610,117325.54,1,0.0,2
15767729,182876.88,2,1.0,1
15768600,130023.38,1,1.0,1
15796813,167831.88,2,1.0,1
15711446,0.0,3,0.0,0
15672432,0.0,1,0.0,3
15580914,83287.05,2,1.0,1
15767264,117438.17,1,1.0,1
15789611,150836.92,1,1.0,1
15597709,154121.32,2,0.0,2
15815271,165048.5,3,1.0,0
15671769,170252.05,3,0.0,0
15730793,111009.32,1,0.0,2
15719940,115280.49,2,0.0,2
15571415,151802.29,1,1.0,1
15600975,150005.38,1,0.0,2
15763108,106261.63,1,1.0,1
15644453,132670.53,1,0.0,2
15783883,117314.92,1,0.0,2
15787693,145874.35,1,1.0,1
15642391,109978.83,1,1.0,1
15815040,103362.14,1,0.0,2
15788776,132623.76,3,1.0,0
15765257,121461.87,1,1.0,1
15694666,88441.64,1,1.0,1
15689781,0.0,1,0.0,3
15809837,135392.31,2,0.0,2
15654859,131629.17,2,0.0,2
15577515,108477.27,1,0.0,2
15737998,0.0,1,1.0,3
15609070,120961.5,3,1.0,0
15591010,109339.17,2,1.0,1
15798895,55328.4,1,0.0,3
15709252,105173.99,1,0.0,2
15621423,117280.23,3,0.0,0
15664615,136650.89,1,0.0,2
15788131,0.0,1,1.0,3
15638989,190066.54,1,0.0,2
15623210,149349.58,3,0.0,0
15730287,147726.98,3,1.0,0
15761554,89299.81,1,1.0,1
15729771,154586.92,1,1.0,1
15566495,0.0,1,0.0,3
15707602,127286.04,2,0.0,2
15594133,0.0,1,1.0,3
15772329,103741.14,1,1.0,1
15701687,77526.66,3,1.0,0
15663194,110150.43,1,0.0,2
15736510,0.0,3,0.0,0
15734649,133295.98,1,0.0,2
15632503,148326.09,1,0.0,2
15648681,139914.6,4,0.0,0
15747757,118723.11,1,0.0,2
15762716,168920.75,1,0.0,2
15675926,118028.35,1,1.0,1
15735572,113657.83,1,1.0,1
15567860,189318.16,2,0.0,2
15611318,51690.89,1,1.0,3
15618703,150200.23,1,0.0,2
15740487,0.0,3,0.0,0
15686670,0.0,2,0.0,3
15811690,128966.13,1,1.0,1
15734008,152581.06,1,1.0,1
15721507,117094.02,1,0.0,2
15810723,0.0,3,0.0,0
15617065,194532.66,1,1.0,1
15689786,169743.83,1,1.0,1
15646082,82909.14,1,0.0,2
15796111,145151.4,1,0.0,2
15670646,147187.84,1,0.0,2
15815095,108185.81,2,1.0,1
15736420,210433.08,2,1.0,1
15797767,0.0,1,0.0,3
15586479,0.0,1,0.0,3
15593178,153610.61,1,0.0,2
15696287,116520.28,1,0.0,2
15573077,141825.88,1,0.0,2
15672912,130051.66,2,0.0,2
15808386,138523.2,1,0.0,2
15603565,90778.76,2,0.0,2
15744044,99353.42,1,1.0,1
15577771,111524.49,1,0.0,2
15802071,117458.51,1,1.0,1
15779492,94231.13,1,1.0,1
15625501,127201.58,1,1.0,1
15640521,144962.74,1,1.0,1
15790630,0.0,1,0.0,3
15671293,128389.63,1,0.0,2
15647898,130554.51,3,0.0,0
15671534,90212.0,1,0.0,2
15630592,0.0,1,0.0,3
15593834,129934.64,1,1.0,1
15702571,151958.19,3,0.0,0
15748499,118400.91,1,1.0,1
15668889,116322.27,4,0.0,0
15569682,108308.11,1,1.0,1
15799859,165438.26,1,1.0,1
15646190,119963.45,1,0.0,2
15784526,102016.38,1,1.0,1
15785367,0.0,1,0.0,3
15776545,200724.96,1,1.0,1
15790113,113317.1,1,0.0,2
15697844,0.0,1,0.0,3
15587038,0.0,1,0.0,3
15700300,131593.85,1,0.0,2
15642001,119530.52,1,1.0,1
15715907,113109.52,1,1.0,1
15771409,151933.63,1,1.0,1
15729718,0.0,3,1.0,0
15592773,108449.23,3,0.0,0
15590234,0.0,1,0.0,3
15785705,106731.58,1,0.0,2
15569917,87609.68,2,1.0,1
15757306,0.0,3,1.0,0
15642098,108960.0,2,0.0,2
15759387,101487.18,1,1.0,1
15623369,105355.81,1,1.0,1
15732943,77967.5,1,1.0,1
15750545,0.0,4,1.0,0
15791944,175464.85,3,1.0,0
15768342,79475.3,3,1.0,0
15781975,0.0,1,1.0,3
15580579,0.0,1,0.0,3
15568819,132796.04,3,0.0,0
15613699,73937.02,1,0.0,3
15609758,158621.04,1,0.0,2
15712483,0.0,2,0.0,3
15636454,101070.69,1,0.0,2
15591107,110357.0,1,0.0,2
15727811,109493.62,1,0.0,2
15673238,154110.99,2,0.0,2
15788215,122924.75,1,0.0,2
15666297,0.0,3,0.0,0
15701738,115163.38,1,1.0,1
15650591,118098.62,1,1.0,1
15615296,0.0,1,1.0,3
15690169,161171.7,2,1.0,1
15633608,146193.6,2,1.0,1
15776494,146622.35,1,1.0,1
15592412,131038.14,1,1.0,1
15629985,90450.0,2,0.0,2
15679453,125997.22,1,0.0,2
15691513,0.0,4,1.0,0
15702801,86616.35,1,0.0,2
15647306,131240.61,1,0.0,2
15763029,161450.03,1,1.0,1
15582129,43772.66,3,1.0,0
15670898,108028.08,2,0.0,2
15673591,141252.18,4,1.0,0
15681007,128548.49,4,0.0,0
15629273,145177.84,1,1.0,1
15596013,143212.22,1,0.0,2
15774936,143350.41,1,1.0,1
15566563,137851.31,1,0.0,2
15725906,0.0,1,0.0,3
15585287,119948.09,1,0.0,2
15781619,0.0,1,0.0,3
15692291,99056.22,2,0.0,2
15806389,137592.31,2,0.0,2
15641860,108760.27,2,1.0,1
15751177,119657.53,1,0.0,2
15748660,102025.32,1,0.0,2
15614168,146710.76,1,0.0,2
15679818,136709.35,1,1.0,1
15681332,0.0,1,0.0,3
15795759,107906.75,1,0.0,2
15798844,128914.97,1,1.0,1
15649033,127723.25,2,0.0,2
15780989,145843.82,1,1.0,1
15592751,81245.79,1,0.0,2
15761018,143829.2,2,1.0,1
15802758,104753.84,2,0.0,2
15647838,116574.84,1,0.0,2
15664849,65269.23,1,1.0,1
15797165,0.0,1,1.0,3
15678497,0.0,1,1.0,3
15789563,111288.18,1,0.0,2
15766288,103700.69,1,0.0,2
15651581,112595.85,1,1.0,1
15746674,0.0,1,0.0,3
15693771,95922.9,1,0.0,2
15757607,0.0,1,1.0,3
15793070,69974.66,2,0.0,2
15760456,123711.73,2,0.0,2
15732061,121874.89,1,0.0,2
15616530,188455.19,1,1.0,1
15718281,123276.69,2,1.0,1
15653275,0.0,2,0.0,3
15570931,0.0,1,1.0,3
15803538,0.0,3,1.0,0
15732644,92316.31,2,0.0,2
15713426,122185.53,1,1.0,1
15775886,0.0,1,1.0,3
15661409,0.0,1,0.0,3
15774250,159024.71,1,1.0,1
15681476,73493.17,1,0.0,3
15617486,106723.28,1,1.0,1
15623630,116251.24,1,0.0,2
15645404,124620.01,2,0.0,2
15652030,108204.52,1,1.0,1
15722632,119655.77,1,1.0,1
15713440,151701.45,3,0.0,0
15772482,132405.52,3,1.0,0
15595426,105000.85,2,1.0,1
15791513,138937.35,1,1.0,1
15787756,114514.71,2,1.0,1
15616676,122478.51,1,1.0,1
15665180,136789.14,1,0.0,2
15769412,207034.96,2,1.0,1
15578141,0.0,1,1.0,3
15701439,0.0,4,0.0,0
15785352,82373.94,1,1.0,1
15717489,0.0,1,1.0,3
15808868,103696.97,3,0.0,0
15697801,74129.18,2,0.0,2
15686236,118087.68,1,0.0,2
15736078,130367.87,1,0.0,2
15776596,140094.59,1,0.0,2
15812607,95439.4,1,0.0,2
15690829,137115.16,1,1.0,1
15688849,108019.27,3,1.0,0
15661473,126725.25,1,1.0,1
15745250,156652.13,1,1.0,1
15590349,0.0,1,0.0,3
15815656,100116.67,1,0.0,2
15584620,143644.16,1,0.0,2
15706557,0.0,2,0.0,3
15594391,183555.24,1,0.0,2
15588955,93259.57,3,0.0,0
15740223,107714.74,3,1.0,0
15635116,0.0,1,1.0,3
15777901,94752.49,1,0.0,2
15639117,0.0,1,0.0,3
15586236,132084.66,3,1.0,0
15603749,45472.28,1,0.0,3
15733872,130229.71,2,0.0,2
15602647,127415.85,1,1.0,1
15623063,110067.71,1,1.0,1
15603096,125789.69,1,1.0,1
15814675,128264.03,1,0.0,2
15692106,147386.72,3,0.0,0
15791533,93608.28,1,1.0,1
15572050,122831.58,1,1.0,1
15641366,124737.96,1,1.0,1
15588859,179356.28,2,0.0,2
15605916,0.0,1,0.0,3
15644179,0.0,2,0.0,3
15733888,133686.52,1,0.0,2
15577359,0.0,1,1.0,3
15621004,0.0,1,1.0,3
15743236,80538.56,1,0.0,3
15727177,177822.03,1,1.0,1
15774358,110939.3,1,1.0,1
15804142,175575.95,2,0.0,2
15670528,132217.45,1,1.0,1
15677796,129289.98,1,1.0,1
15708504,121438.58,1,1.0,1
15790455,0.0,1,0.0,3
15746515,136492.92,3,1.0,0
15618562,140306.38,1,0.0,2
15636736,0.0,2,0.0,3
15605534,95560.04,1,0.0,2
15792473,88379.81,3,0.0,0
15766017,72309.3,1,1.0,1
15605698,0.0,3,1.0,0
15777060,0.0,1,0.0,3
15589698,107104.5,1,1.0,1
15610343,0.0,2,0.0,3
15788480,122325.58,1,0.0,2
15591698,132934.89,1,0.0,2
15712813,150805.17,3,1.0,0
15757759,165969.26,3,0.0,0
15796230,124495.98,3,0.0,0
15611729,141559.5,1,1.0,1
15641413,155393.98,2,0.0,2
15753840,0.0,1,0.0,3
15717286,79035.95,1,0.0,2
15577107,0.0,3,0.0,0
15677336,120043.13,1,1.0,1
15684395,125191.69,1,0.0,2
15637690,98675.74,1,0.0,2
15632882,126817.13,2,1.0,1
15661034,106059.4,1,0.0,2
15646720,0.0,3,0.0,0
15704657,72647.64,1,1.0,1
15701319,96340.81,2,0.0,2
15745266,0.0,1,1.0,3
15806570,0.0,1,0.0,3
15755521,90044.32,2,0.0,2
15641158,102128.27,1,1.0,1
15752507,148846.39,1,1.0,1
15655082,112070.86,3,0.0,0
15720155,131354.39,1,1.0,1
15582116,132746.2,2,0.0,2
15663134,0.0,2,1.0,3
15766683,139422.37,1,1.0,1
15575147,99339.0,1,1.0,1
15756321,144772.69,1,0.0,2
15706799,0.0,1,1.0,3
15775703,71281.29,1,1.0,1
15806771,3768.69,2,0.0,3
15582519,121797.09,1,1.0,1
15755330,122403.24,1,1.0,1
15605072,145860.98,1,0.0,2
15692142,105086.74,1,0.0,2
15717191,93817.41,2,1.0,1
15601410,0.0,3,0.0,0
15684669,137891.35,1,0.0,2
15658982,122034.4,3,0.0,0
15661162,0.0,1,1.0,3
15601569,171178.25,1,0.0,2
15612478,0.0,3,1.0,0
15574830,128137.42,2,1.0,1
15685947,115915.53,2,1.0,1
15601012,92887.06,1,0.0,2
15567506,114940.67,2,0.0,2
15794360,71816.74,2,0.0,2
15585985,165282.42,1,1.0,1
15727619,113909.69,3,0.0,0
15801436,0.0,1,1.0,3
15743245,145155.37,1,1.0,1
15769353,150490.32,1,0.0,2
15677288,121159.65,1,1.0,1
15567778,144027.8,1,0.0,2
15663987,0.0,3,1.0,0
15780805,0.0,2,0.0,3
15754940,85162.26,1,1.0,1
15702601,108300.27,2,1.0,1
15709016,91219.29,1,0.0,2
15699095,0.0,1,0.0,3
15647292,148368.02,1,1.0,1
15728838,148600.91,1,1.0,1
15749068,139625.34,1,0.0,2
15622985,0.0,1,0.0,3
15569976,136186.44,1,1.0,1
15737047,0.0,1,0.0,3
15633194,108309.0,4,0.0,0
15668774,122739.1,1,0.0,2
15659694,113781.5,2,0.0,2
15755405,128284.45,1,1.0,1
15702541,166968.28,1,0.0,2
15581893,130788.71,1,1.0,1
15672447,99165.84,1,1.0,1
15608701,121890.06,1,1.0,1
15582892,99786.07,1,1.0,1
15749103,118907.6,1,0.0,2
15683053,0.0,1,0.0,3
15684316,0.0,2,1.0,3
15637599,123070.89,1,0.0,2
15689526,127543.11,2,0.0,2
15707637,0.0,1,0.0,3
15719426,103101.56,2,1.0,1
15753092,129828.58,1,1.0,1
15782939,80214.36,1,1.0,1
15599329,195238.29,4,0.0,0
15778418,154309.67,1,1.0,1
15659092,0.0,2,0.0,3
15717770,0.0,1,0.0,3
15754443,108308.0,1,0.0,2
15627298,85146.48,2,1.0,1
15803202,0.0,1,1.0,3
15570289,103409.16,1,1.0,1
15714241,222267.63,1,1.0,1
15642530,144090.42,1,0.0,2
15691906,127421.78,2,0.0,2
15673971,146498.76,1,0.0,2
15697510,0.0,1,0.0,3
15784923,109974.22,1,0.0,2
15738088,0.0,2,1.0,3
15765173,0.0,1,0.0,3
15665159,128213.96,2,1.0,1
15677310,98854.34,1,1.0,1
15669782,111336.89,1,1.0,1
15617052,0.0,1,1.0,3
15590810,144326.09,1,0.0,2
15578671,209490.21,1,0.0,2
15716608,0.0,3,1.0,0
15606115,191665.21,1,0.0,2
15669783,47020.65,2,0.0,3
15624993,128518.98,1,0.0,2
15710034,135645.29,2,1.0,1
15797081,115488.52,2,0.0,2
15810444,130565.02,1,0.0,2
15809736,0.0,1,1.0,3
15731148,108477.49,1,1.0,1
15590201,0.0,4,0.0,0
15800031,66338.68,1,1.0,1
15769246,135078.41,1,1.0,1
15781129,69434.4,2,1.0,1
15789560,187534.79,1,1.0,1
15712807,131764.96,1,1.0,1
15675794,152076.93,1,1.0,1
15603764,0.0,1,1.0,3
15749583,93569.86,3,0.0,0
15768233,114346.3,1,1.0,1
15788723,143888.22,2,0.0,2
15740442,186825.57,1,1.0,1
15737735,95053.1,1,1.0,1
15744873,143595.87,1,0.0,2
15804962,155655.46,1,1.0,1
15578787,0.0,1,0.0,3
15570002,118772.71,4,0.0,0
15761487,0.0,1,0.0,3
15700394,122857.46,2,0.0,2
15585066,0.0,1,0.0,3
15722991,96402.96,1,1.0,1
15662501,91246.53,1,1.0,1
15713975,139756.12,1,0.0,2
15592925,177626.77,3,1.0,0
15581626,0.0,1,1.0,3
15641319,0.0,1,1.0,3
15657957,113674.2,1,0.0,2
15796993,171236.3,2,1.0,1
15698902,142703.4,1,0.0,2
15776936,160818.08,1,1.0,1
15786463,121669.93,2,0.0,2
15654772,89799.46,2,0.0,2
15799635,108867.0,1,1.0,1
15772337,153855.52,1,0.0,2
15792862,104584.11,1,1.0,1
15657349,98173.02,1,0.0,2
15653347,0.0,1,1.0,3
15749951,126285.73,1,1.0,1
15597949,104552.61,1,0.0,2
15645323,0.0,1,1.0,3
15793311,119492.88,2,0.0,2
15770474,0.0,3,0.0,0
15753110,45752.78,2,1.0,3
15777459,175406.13,2,0.0,2
15611058,138597.54,2,0.0,2
15635942,0.0,2,1.0,3
15705448,130013.12,1,1.0,1
15593499,0.0,1,0.0,3
15608246,103914.17,1,0.0,2
15736250,117810.79,1,1.0,1
15683339,59877.33,1,0.0,3
15663650,107304.39,3,1.0,0
15576065,171325.98,1,0.0,2
15604138,0.0,1,1.0,3
15666095,79811.72,2,1.0,1
15643487,105473.74,1,1.0,1
15764033,121927.92,1,0.0,2
15747288,61671.19,1,0.0,2
15664432,96296.78,1,0.0,2
15771668,185966.64,1,1.0,1
15636977,118214.32,3,1.0,0
15679551,163764.84,1,0.0,2
15606097,104469.58,1,1.0,1
15612103,137852.96,1,0.0,2
15653572,127132.96,1,1.0,1
15710315,135759.4,1,1.0,1
15609083,0.0,1,0.0,3
15774401,0.0,2,1.0,3
15611767,133723.43,1,0.0,2
15643770,112670.48,1,0.0,2
15792650,0.0,1,1.0,3
15812893,0.0,2,0.0,3
15624180,134171.8,4,0.0,0
15806318,124442.38,1,0.0,2
15600399,0.0,1,1.0,3
15576216,108862.76,1,0.0,2
15635364,44301.43,3,0.0,0
15766044,120688.61,1,1.0,1
15655175,114318.78,2,1.0,1
15622033,101543.51,4,0.0,0
15667438,104016.88,1,0.0,2
15623989,0.0,1,1.0,3
15586523,106230.92,1,0.0,2
15766826,146266.0,1,1.0,1
15608381,125845.66,1,1.0,1
15645371,147262.11,1,0.0,2
15766355,108806.96,3,1.0,0
15585249,106036.52,1,1.0,1
15686099,82182.1,1,1.0,1
15815316,76817.0,4,1.0,0
15601787,103711.56,1,1.0,1
15638882,148214.36,1,0.0,2
15797751,102085.72,1,0.0,2
15734711,0.0,1,1.0,3
15814405,0.0,1,0.0,3
15606944,140121.17,1,1.0,1
15785024,137409.19,1,0.0,2
15732438,0.0,4,1.0,0
15641389,123593.22,2,1.0,1
15657306,0.0,1,0.0,3
15686242,0.0,1,0.0,3
15686060,111677.88,1,1.0,1
15601857,115518.07,1,0.0,2
15807900,0.0,1,1.0,3
15796115,78119.59,4,0.0,0
15632280,0.0,1,0.0,3
15675518,75225.53,2,0.0,2
15641175,120916.52,3,1.0,0
15584156,0.0,3,1.0,0
15687001,123544.0,1,1.0,1
15731951,95328.6,1,0.0,2
15810390,0.0,2,0.0,3
15571586,159035.45,1,1.0,1
15592716,0.0,1,1.0,3
15690733,0.0,2,1.0,3
15592104,0.0,1,0.0,3
15651900,81571.05,1,0.0,2
15599211,0.0,2,1.0,3
15777907,0.0,1,0.0,3
15775192,102962.62,1,0.0,2
15688951,119654.44,2,1.0,1
15566378,129387.94,1,1.0,1
15699415,150213.71,1,0.0,2
15682868,99816.46,1,0.0,2
15733361,86714.06,1,0.0,2
15632051,128707.31,1,0.0,2
15590337,123192.12,1,1.0,1
15634551,115248.11,4,1.0,0
15593778,46388.16,3,0.0,0
15655360,148666.99,1,0.0,2
15780909,115101.5,1,1.0,1
15801411,0.0,1,1.0,3
15658409,128876.71,3,1.0,0
15752294,135979.01,4,0.0,0
15743193,117271.8,2,1.0,1
15716085,0.0,1,0.0,3
15641688,0.0,1,1.0,3
15807120,112383.03,1,0.0,2
15608588,100520.92,1,1.0,1
15570533,131033.76,1,0.0,2
15603135,95727.05,1,0.0,2
15737025,0.0,3,1.0,0
15664860,0.0,2,0.0,3
15668309,111098.85,1,0.0,2
15732437,131873.07,2,0.0,2
15658768,0.0,1,0.0,3
15613048,139973.65,1,0.0,2
15662337,121498.11,2,0.0,2
15603111,69608.14,1,1.0,1
15726720,0.0,1,0.0,3
15566531,88046.88,1,1.0,1
15791674,142388.61,2,0.0,2
15728963,167273.71,1,0.0,2
15609735,127545.56,2,1.0,1
15706458,115730.71,3,1.0,0
15704053,131078.42,2,1.0,1
15724321,128298.74,1,0.0,2
15712536,0.0,2,0.0,3
15807728,0.0,1,0.0,3
15764916,95984.21,1,0.0,2
15768495,110923.15,2,0.0,2
15664547,0.0,1,1.0,3
15785358,106968.96,1,1.0,1
15775761,86038.21,3,0.0,0
15680201,102773.2,2,1.0,1
15591985,70754.18,1,0.0,3
15662698,81153.82,1,0.0,2
15644994,137986.58,2,1.0,1
15659327,121197.64,1,1.0,1
15650424,147341.43,1,0.0,2
15687626,0.0,2,1.0,3
15742091,118336.95,1,0.0,2
15722731,119556.1,1,1.0,1
15640507,119349.69,3,0.0,0
15763907,104614.29,1,0.0,2
15813946,104682.83,1,1.0,1
15701936,126315.26,1,1.0,1
15593283,156848.13,2,0.0,2
15814690,105736.32,1,0.0,2
15799358,62212.29,1,0.0,3
15616367,121523.51,1,1.0,1
15718765,104533.24,1,1.0,1
15687329,108465.65,2,0.0,2
15619514,120105.43,1,1.0,1
15615430,129646.91,1,1.0,1
15726179,131433.33,2,0.0,2
15572182,106506.77,3,0.0,0
15669414,118356.89,2,1.0,1
15785490,105229.72,1,1.0,1
15686974,0.0,1,0.0,3
15796764,127585.98,3,0.0,0
15746569,0.0,1,1.0,3
15784124,93925.3,1,1.0,1
15784042,118793.6,1,1.0,1
15755731,117005.55,1,1.0,1
15673020,204510.94,1,0.0,2
15578865,107959.39,1,0.0,2
15774586,118588.83,1,0.0,2
15732202,83503.11,2,1.0,1
15707861,85216.61,1,0.0,2
15681026,104552.72,1,0.0,2
15594612,0.0,1,1.0,3
15666295,113957.01,2,1.0,1
15672754,152039.7,1,1.0,1
15768163,137145.12,1,0.0,2
15769959,88381.21,1,0.0,2
15584532,0.0,1,0.0,3
15682355,75075.31,2,1.0,1
